 ,1
draft, 1
draught, 1
blueprint, 1
edifice, 1
enlist, 1
apple, 1
computer, 1
software, 1
building, 1
construct, 1
wields,1
wife,1
wifeless,1
wifely,1
wig,1
wigeon,1
wigeons,1
wigging,1
wiggle,1
wiggled,1
wiggler,1
wiggles,1
wiggling,1
wigs,1
wigwam,1
wigwams,1
wild,1
wildcat,1
wildcats,1
wildebeest,1
wilder,1
wilderness,1
wildernesses,1
wildest,1
wildeyed,1
wildfire,1
wildfires,1
wildfowl,1
wildlife,1
wildly,1
wildness,1
wildoats,1
wilds,1
wile,1
wiles,1
wilful,1
wilfully,1
wilfulness,1
wilier,1
wiliest,1
wiling,1
will,1
willed,1
willing,1
willingly,1
willingness,1
willow,1
willows,1
willowy,1
willpower,1
wills,1
willynilly,1
wilt,1
wilted,1
wilting,1
wilts,1
wily,1
wimp,1
wimple,1
wimpy,1
win,1
wince,1
winced,1
winces,1
winch,1
winched,1
winches,1
winching,1
wincing,1
wind,1
windbag,1
windbags,1
windbreak,1
windcheater,1
windcheaters,1
winded,1
winder,1
winders,1
windfall,1
windfalls,1
windier,1
windiest,1
windily,1
winding,1
windings,1
windlass,1
windless,1
windmill,1
windmills,1
window,1
windowed,1
windowing,1
windowless,1
windows,1
windowshop,1
windowshopping,1
windpipe,1
winds,1
windscreen,1
windscreens,1
windsock,1
windsor,1
windsurf,1
windsurfer,1
windsurfers,1
windsurfing,1
windswept,1
windward,1
windy,1
wine,1
wined,1
wineglass,1
wineglasses,1
winemakers,1
winery,1
wines,1
wineskin,1
wing,1
winged,1
winger,1
wingers,1
winging,1
wingless,1
wings,1
wingspan,1
wining,1
wink,1
winked,1
winker,1
winkers,1
winking,1
winkle,1
winkled,1
winkles,1
winks,1
winnable,1
winner,1
winners,1
winning,1
winningly,1
winnings,1
winnow,1
winnowing,1
wins,1
winsome,1
winter,1
wintered,1
wintering,1
winters,1
wintertime,1
wintery,1
wintrier,1
wintriest,1
wintry,1
wipe,1
wiped,1
wiper,1
wipers,1
wipes,1
wiping,1
wire,1
wired,1
wireless,1
wirer,1
wires,1
wirier,1
wiriest,1
wiring,1
wirings,1
