building,15
construction,14
money,10
finance,20
budget,20
analysis,10
approach,10
area,10
assessment,10
assume,10
authority,10
available,10
benefit,10
concept,10
consistent,10
constitutional,10
context,10
contract,10
create,10
data,10
definition,10
derived,10
distribution,10
economic,10
environment,10
established,10
estimate,10
evidence,10
export,10
factors,10
financial,10
formula,10
function,10
identified,10
income,10
indicate,10
individual,10
interpretation,10
involved,10
issues,10
labour,10
legal,10
legislation,10
major,10
method,10
occur,10
percent,10
period,10
policy,10
principle,10
procedure,10
process,10
required,10
research,10
response,10
role,10
section,10
sector,10
significant,10
similar,10
source,10
specific,10
structure,10
theory,10
variables,10
achieve,9
acquisition,9
administration,9
affect,9
appropriate,9
aspects,9
assistance,9
categories,9
chapter,9
commission,9
community,9
complex,9
computer,9
conclusion,9
conduct,9
consequences,9
construction,9
consumer,9
credit,9
cultural,9
design,9
distinction,9
elements,9
equation,9
evaluation,9
features,9
final,9
focus,9
impact,9
injury,9
institute,9
investment,9
items,9
journal,9
maintenance,9
normal,9
obtained,9
participation,9
perceived,9
positive,9
potential,9
previous,9
primary,9
purchase,9
range,9
region,9
regulations,9
relevant,9
resident,9
resources,9
restricted,9
security,9
sought,9
select,9
site,9
strategies,9
survey,9
text,9
traditional,9
transfer,9
alternative,8
circumstances,8
comments,8
compensation,8
components,8
consent,8
considerable,8
constant,8
constraints,8
contribution,8
convention,8
coordination,8
core,8
corporate,8
corresponding,8
criteria,8
deduction,8
demonstrate,8
document,8
dominant,8
emphasis,8
ensure,8
excluded,8
framework,8
funds,8
illustrated,8
immigration,8
implies,8
initial,8
instance,8
interaction,8
justification,8
layer,8
link,8
location,8
maximum,8
minorities,8
negative,8
outcomes,8
partnership,8
philosophy,8
physical,8
proportion,8
published,8
reaction,8
registered,8
reliance,8
removed,8
scheme,8
sequence,8
sex,8
shift,8
specified,8
sufficient,8
task,8
technical,8
techniques,8
technology,8
validity,8
volume,8
access,7
adequate,7
annual,7
apparent,7
approximated,7
attitudes,7
attributed,7
civil,7
code,7
commitment,7
communication,7
concentration,7
conference,7
contrast,7
cycle,7
debate,7
despite,7
dimensions,7
domestic,7
emerged,7
error,7
ethnic,7
goals,7
granted,7
hence,7
hypothesis,7
implementation,7
implications,7
imposed,7
integration,7
internal,7
investigation,7
job,7
label,7
mechanism,7
obvious,7
occupational,7
option,7
output,7
overall,7
parallel,7
parameters,7
phase,7
predicted,7
principal,7
prior,7
professional,7
project,7
promote,7
regime,7
resolution,7
retained,7
series,7
statistics,7
status,7
stress,7
subsequent,7
sum,7
summary,7
undertaken,7
academic,6
adjustment,6
alter,6
amendment,6
aware,6
capacity,6
challenge,6
clause,6
compounds,6
conflict,6
consultation,6
contact,6
decline,6
discretion,6
draft,6
enable,6
energy,6
enforcement,6
entities,6
equivalent,6
evolution,6
expansion,6
exposure,6
external,6
facilitate,6
fundamental,6
generated,6
generation,6
image,6
liberal,6
licence,6
logic,6
marginal,6
medical,6
mental,6
modified,6
monitoring,6
network,6
notion,6
objective,6
orientation,6
perspective,6
precise,6
prime,6
psychology,6
pursue,6
ratio,6
rejected,6
revenue,6
stability,6
styles,6
substitution,6
sustainable,6
symbolic,6
target,6
transition,6
trend,6
version,6
welfare,6
whereas,6
abstract,5
accurate,5
acknowledged,5
aggregate,5
allocation,5
assigned,5
attached,5
author,5
bond,5
brief,5
capable,5
cited,5
cooperative,5
discrimination,5
display,5
diversity,5
domain,5
edition,5
enhanced,5
estate,5
exceed,5
expert,5
explicit,5
federal,5
fees,5
flexibility,5
furthermore,5
gender,5
ignored,5
incentive,5
incidence,5
incorporated,5
index,5
inhibition,5
initiatives,5
input,5
instructions,5
intelligence,5
interval,5
lecture,5
migration,5
minimum,5
ministry,5
motivation,5
neutral,5
nevertheless,5
overseas,5
preceding,5
presumption,5
rational,5
recovery,5
revealed,5
scope,5
subsidiary,5
tapes,5
trace,5
transformation,5
transport,5
underlying,5
utility,5
adaptation,4
adults,4
advocate,4
aid,4
channel,4
chemical,4
classical,4
comprehensive,4
comprise,4
confirmed,4
contrary,4
converted,4
couple,4
decades,4
definite,4
deny,4
differentiation,4
disposal,4
dynamic,4
eliminate,4
empirical,4
equipment,4
extract,4
file,4
finite,4
foundation,4
global,4
grade,4
guarantee,4
hierarchical,4
identical,4
ideology,4
inferred,4
innovation,4
insert,4
intervention,4
isolated,4
media,4
mode,4
paradigm,4
phenomenon,4
priority,4
prohibited,4
publication,4
quotation,4
release,4
reverse,4
simulation,4
solely,4
somewhat,4
submitted,4
successive,4
survive,4
thesis,4
topic,4
transmission,4
ultimately,4
unique,4
visible,4
voluntary,4
abandon,3
accompanied,3
accumulation,3
ambiguous,3
appendix,3
appreciation,3
arbitrary,3
automatically,3
bias,3
chart,3
clarity,3
conformity,3
commodity,3
complement,3
contemporary,3
contradiction,3
crucial,3
currency,3
denote,3
detected,3
deviation,3
displacement,3
dramatic,3
eventually,3
exhibit,3
exploitation,3
fluctuations,3
guidelines,3
highlighted,3
implicit,3
induced,3
inevitably,3
infrastructure,3
inspection,3
intensity,3
manipulation,3
minimised,3
nuclear,3
offset,3
paragraph,3
plus,3
practitioners,3
predominantly,3
prospect,3
radical,3
random,3
reinforced,3
restore,3
revision,3
schedule,3
tension,3
termination,3
theme,3
thereby,3
uniform,3
vehicle,3
via,3
virtually,3
widespread,3
visual,3
accommodation,2
analogous,2
anticipated,2
assurance,2
attained,2
behalf,2
bulk,2
ceases,2
coherence,2
coincide,2
commenced,2
incompatible,2
concurrent,2
confined,2
controversy,2
