jack,1
thomas,1
joshua,1
oliver,1
harry,1
james,1
william,1
samuel,1
daniel,1
charlie,1
benjamin,1
joseph,1
callum,1
george,1
jake,1
alfie,1
luke,1
matthew,1
ethan,1
lewis,1
jacob,1
mohammed,1
dylan,1
alexander,1
ryan,1
adam,1
tyler,1
harvey,1
max,1
cameron,1
liam,1
jamie,1
leo,1
owen,1
connor,1
harrison,1
nathan,1
ben,1
henry,1
archie,1
edward,1
michael,1
aaron,1
muhammad,1
kyle,1
noah,1
oscar,1
lucas,1
rhys,1
bradley,1
charles,1
toby,1
louis,1
brandon,1
isaac,1
reece,1
kieran,1
alex,1
finlay,1
finley,1
mason,1
kai,1
logan,1
riley,1
freddie,1
david,1
harley,1
jayden,1
mohammad,1
kian,1
bailey,1
sam,1
joel,1
leon,1
john,1
robert,1
ellis,1
joe,1
luca,1
billy,1
corey,1
ashton,1
evan,1
taylor,1
christopher,1
aidan,1
elliot,1
hayden,1
morgan,1
jay,1
dominic,1
theo,1
zachary,1
sean,1
sebastian,1
reuben,1
andrew,1
gabriel,1
frederick,1
ewan,1
grace,1
ruby,1
olivia,1
emily,1
jessica,1
sophie,1
chloe,1
lily,1
ella,1
amelia,1
lucy,1
charlotte,1
ellie,1
mia,1
evie,1
hannah,1
megan,1
katie,1
isabella,1
isabelle,1
millie,1
abigail,1
amy,1
daisy,1
freya,1
emma,1
erin,1
poppy,1
molly,1
holly,1
phoebe,1
jasmine,1
caitlin,1
imogen,1
madison,1
elizabeth,1
sophia,1
keira,1
scarlett,1
leah,1
ava,1
georgia,1
alice,1
summer,1
isabel,1
rebecca,1
lauren,1
amber,1
eleanor,1
bethany,1
